abramow_ug@poczta.fm;
adamow@adamow.eu;
poczta@adamow.gmina.pl;
usc.adamowka@interia.pl;
stanislaw.tracz@ealeksandrow.pl;
sekretariat@ealeksandrow.pl;
ug@aleksandrow.net.pl;
sekretariat@aleksandrowkujawski.pl;
usc@aleksandrow-lodzki.pl;
urzad@alwernia.pl;
ug@andrespol.pl;
bobrowo@samorzad.org.pl;
umb@um.bochnia.pl;
usc@um.bochnia.pl;
sekretariat@gminabocki.pl;
gmina@bodzanow.pl;
usc@bodzentyn.ugm.pl;
usc@bogatynia.pl;
urzad@bogdaniec.pl;
urzad@bogoria.pl;
um@boguchwala.pl;
sekretariat@boguszow-gorce.pl;
ugbogut@wp.pl;
usc@bojadla.pl;
urzad@gminabojanowo.pl;
usc@bojanow.pl;
usc@bojszowy.pl;
boleslaw_t@zgwrp.org.pl;
boleslaw@gminaboleslaw.pl;
usc@um.boleslawiec.pl;
urzad@boleslawiec.net.pl;
usc@boleslawiec.net.pl;
boleszkowice@boleszkowice.pl;
usc@bolimow.pl;
usc@bolkow.pl;
ug_boniewo@wp.pl;
uscboniewo@interia.pl;
usc@borekwlkp.pl;
usc@gminaborki.pl;
gmina@borkowice.asi.pl;
usc@bornesulinowo.pl;
gmina@boronow.pl;
ucs@borowa.pl;
gmina@borowie.pl;
info@borow.ug.gov.pl;
ug@borzechow.eurzad.eu;
sekretariat@borzecin.pl;
ug@borzytuchom.pl;
gmina@bralin.pl;
ug@branice.pl;
sekretariat@braniewo.pl;
usc@bransk.podlaskie.pl;
usc@branszczyk.pl;
ug_braszewice@wp.pl;
i.heller@brenna.org.pl;
gmina@brochow.pl;
umb@brodnica.pl;
usc@brodnica.net.pl;
ug@brodnica.net.pl;
gmina@brody.info.pl;
gmina@brody.pl;
usc@brok.pl;
urzadgminy@brojce.pl;
ug_brudzen@interia.pl;
ug@brudzew.pl;
um@brusy.pl;
usc@brwinow.pl;
um@brzeg.pl;
um@brzegdolny.pl;
usc@brzesko.pl;
gmina@brzeszcze.pl;
urzad@brzesckujawski.pl;
um@brzeziny.plusc@brzeziny.pl;
urzad@brzeziny-gmina.pl;
gmina@brzeznica.pl;
andrzejg@brzeznica.com.pl;
gmina@brzeznio.pl;
mrybka@brzeznio.pl;
usc@gmina.brzezno.pl;
ugbrzostek@tel.debica.pl;
ug.brzozie@brzozie.pl;
usc@usc.brzozow.pl;
gmina@brzuze.pl;
usc@brzyska.pl;
usc@buczek.org.pl;
sekretariat@buczkowice.pl;
ug@budry.pl;
budziszewice@wp.pl;
urzad@budzyn.pl;
gmina@budzow.pl;
usc@buk.gmina.pl;
administracja@bukowiec.pl;
gmina@ugbukowinatatrzanska.pl;
sekretariat@um.bukowno.pl;
sekretariat@bukowsko.pl;
usc@bulkowo.pl;
ugburzenin@home.pl;
urzad@umig.busko.pl;
um@bychawa.pl;
usc@byczyna.pl;
usc@um.bydgoszcz.pl;
urzad_gminy@bystra-sidzina.pl;
usc@bystrzycaklodzka.pl;
usc@um.bytom.pl;
usc@bytomodrzanski.pl;
sekretariat@ugbyton.plusc@ugbyton.pl;
urzad@bytow.com.pl;
ela.mieszczak@cedry-wielkie.pl;
info@cedynia.pl;
gmina@cekcyn.pl;
ug-cekowk@wp.pl;
usc@celestynow.pl;
usc@ceranow.pl;
usc@cewice.pl;
sekretariat@cewice.pl;
sekretariat@chasno.bipst.pl;
info@chelm.pl;
sekretariat@chelmsl.pl;
urzadmiejski@chelmek.pl;
sekretariat@chelmiec.pl;
usc@chelmno.pl;
um@chelmza.pl;
GMINA@CHECINY.PL;
usc@chlewiska.pl;
gmina@chlopice.pl;
usc@chmielnik.com;
usc@chmielnik.pl;
ewidencja@chmielno.pl;
gmina.chocen@chocen.pl;
bok@chocianow.pl;
urzad@chociwel.pl;
ug@chocz.pl;
sekretariat@choczewo.com.pl;
urzad@chodecz.pl;
sekretariat.chodel@eurzad.eu;
usc@chodow.lh.pl;
usc@chodziez.pl;
usc@chojna.pl;
usc@miastochojnice.pl;
urzad.miejski@chojnow.eu;
usc@chorkowka.pl;
urzad@choroszcz.pl;
sekretariat@chorzele.pl;
usc@chorzow.eu;
usc@choszczno.pl;
ug@chotcza.pl;
gmina@chrostkowo.pl;
sekretariat@chrzanow.pl;
usc@chrzanow.pl;
sekretariat@chrzanow.eurzad.eu;
usc@chrzastowice.pl;
urzad@chrzypsko.pl;
usc@chybie.pl;
usc@chynow.pl;
gmina@ciasna.pl;
usc@ciechanowiec.pl;
usc@umciechanow.pl;
ciechocin@ciechocin.pl;
ratusz@ciechocinek.pl;
usc@cieladz.pl;
sekretariat@ciepielow.pl;
sekretariat@cieplowody.pl;
cieszanow@vp.pl;
sekretariat@ug.cieszkow.pl;
usc@um.cieszyn.pl;
ug@ciezkowice.pl;
usc@cisek.pl;
ugcisna@pro.onet.pl;
cmolas@cmolas.pl;
sekretariat@cybinka.plusc@cybinka.pl;
Gmina_Cycow@ugcycow.pl;
ugczajkow@xl.wp.pl;
sekretariat@czaplinek.pl;
usc@czarna.com.pl;
sekretariat@gminaczarna.pl;
usc@czarnabialostocka.pl;
usc@czarnadabrowka.pl;
usc@czarna.pl;
usc@czarna-woda.pl;
usc@czarne.pl;
sekretariat@czarnkow.pl;
ug@czarnocin.com.pl;
urzadgminy@czarnocin.pl;
usc@bip.czarnozyly.pl;
gmina@czarny-dunajec.pl;
usc-czastary@o2.pl;
usc@czchow.pl;
um@um.czechowice-dziedzice.pl;
usc@um.czeladz.pl;
usc@czemierniki.eu;
czemierniki@poczta.onet.pl;
usc.ug@czempin.pl;
usc@czeremcha.pl;
usc@czermin.pl;
ugczermin@czermin.wlkp.pl;
czernica@czernica.pl;
sekretariat@czerniceborowe.pl;
urzad@czernichow.pl;
usc@czernichow.com.pl;
urzad@czerniejewo.pl;
gmina@czerniewice.pl;
info@czernikowo.pl;
urzad_miejski@czersk.pl;
ugim@czerwiensk.pl;
usc@czerwiensk.pl;
gmina@czerwin.pl;
usc@czerwinsk.pl;
sekretariat@czerwionka-leszczyny.com.pl;
kancelaria@czerwonak.pl;
urzadgminy@czerwonka.pl;
usc@czestochowa.um.gov.pl;
usc@czlopa.pl;
usc@czluchow.pl;
gmina@czorsztyn.pl;
sekretariat@czosnow.pl;
usc@czudec.pl;
ugczyze@ugczyze.pl;
sekretariat@umczyzew.pl;
urzad@cmielow.pl;
gmina@daleszyce.pl;
ugdalikow@wp.pl;
sekretariat@damaslawek.nowoczesnagmina.pl;
usc@damnica.pl;
poczta@darlowo.pl;
usc@ugdarlowo.pl;
uscdaszyna@wp.pl;
usc@gminadaszyna.pl;
sekretariat@dabie.nowoczesnagmina.pl;
ug-dabrowa@ug-dabrowa.pl;
ug@gminadabrowa.pl;
dabrowab@beep.pl;
dabrowa_biskupia@lo.pl;
sekretariat@dabrowachelminska.lo.pl;
usc@dabrowa-gornicza.pl;
umdt@dabrowatar.pl;
ug@dabrowazielona.pl;
ugdabrowice@plo.pl;
urzad@dabrowka.net.pl;
ugdabrowno@poczta.onet.pl;
urzad@debrzno.pl;
usc@debewielkie.pl;
usc@umdebica.pl;
poczta@um.deblin.pl;
k.szczecina@debnica.pl;
sekretariat@debnica.pl;
usc@debno.pl;
sekretariat@gminadebno.pl;
usc.debowa@wp.pl;
sekretariat.debowa@wp.pl;
sekretariat@ugdl.pl;
usc@debowiec.cieszyn.pl;
gmina@debowiec.pl;
d.walczak@gmina.dlugoleka.pl;
gmina@dlugosiodlo.pl;
dlutow@dlutow.pl;
sekretariat@dmosin.pl;
ugim@dobczyce.pl;
usc@dobiegniew.pl;
sekretariat@gminadobra.pl;
usc@dobragmina.pl;
sekretariat@dobragmina.pl;
um@dobra24.pl;
dobrcz@dobrcz.pl;
usc@gminadobre.pl;
urzad@ugdobre.pl;
urzad.miasta@dobremiasto.com.pl;
urzad@dobrodzien.pl;
ug@dobromierz.pl;
sekretariat@dobron.ug.gov.pl;
wojt.dobryszyce.era@gminypolskie.pl;
usc@dobrzany.pl;
ug@dobrzenwielki.pl;
usc@dobrzenwielki.pl;
gmina@ugdobrzyca.pl;
kancelaria@dobrzyniewo.pl;
dobrzyn@dobrzyn.pl;
usc@dolice.pl;
usc@umig.dolsk.pl;
sekretariat@dolhobyczow.pl;
usc_domaniewice@wp.pl;
usc@gminadomaniow.pl;
gmina@domaradz.pl;
usc@domaszowice.pl;
usc@dominowo.pl;
sekretariat@glusk.pl;
usc@dopiewo.pl;
usc@dorohusk.com.pl;
sekretariat@dorohusk.com.pl;
ug@doruchow.pl;
usc.dragacz@wp.pl;
poczta@drawno.pl;
pctdrawsko@poczta.onet.pl;
usc@drawsko.pl;
usc@drelow.pl;
drelow@drelow.pl;
usc@drezdenko.pl;
umgdrobin@plo.pl;
um@drohiczyn.pl;
ug@druzbice.pl;
sekretariat@druzbice.pl;
wojt@drwinia.pl;
ugm@drzewica.pl;
ug@drzycim.pl;
usc@dubeninki.pl;
gmina@dubicze-cerkiewne.pl;
sekretariat@dubiecko.pl;
gmina@dubienka.eurzad.eu;
usc@dukla.pl;
usc@duszniki.eu;
usc@duszniki.pl;
usc@dwikozy.gmina.pl;
urzad@gminadydnia.pl;
usc@dygowo.pl;
usc@dynow.pl;
usc@ugdywity.pl;
ugdziadkowice@post.pl;
umdzialdowo@netbiz.com.pl;
gmina@dzialoszyce.pl;
sekretariat@dzialoszyn.pl;
usc@dzialoszyn.pl;
usc@dziemiany.pl;
usc@dzierzaznia.pl;
teresa.dawidziuk@dzierzgon.pl;
ewid.ludn@dzierzgowo.pl;
um@um.dzierzoniow.pl;
usc@dzikowiec.itl.pl;
ugdzwola@mbnet.pl;
usc@ug-dzwierzuty.pl;
usc@umelblag.pl;
usc@um.elk.pl;
gmina@fabianki.pl;
usc@fajslawice.eu;
sekretariat@fajslawice.eu;
gminafalkow@poczta.onet.pl;
sekretariat@filipow.pl;
sekretariat@firlej.pl;
umframpol@frampol.pl;
usc@fredropol.pl;
sekretariat@frombork.pl;
ug@frysztak.pl;
ug_gac@onet.pl;
usc@galewice.pl;
urzad@garbatkaletnisko.pl;
ug@garbow.pl;
usc@gardeja.pl;
usc@garwolin.pl;
ug@gaszowice.pl;
usc@gaszowice.pl;
usc@gawluszowice.pl;
ug@gaworzyce.com.pl;
sekretariat@gabin.pl;
ug@gasawa.pl;
umg@gdansk.gda.pl;
urzad@gdow.pl;
usc@gdynia.pl;
wojt.giby@wp.pl;
ug@gidle.pl;
usc@gielniow.radom.pl;
usc@gieraltowice.pl;
gmina@gietrzwald.pl;
uggilowice@gilowice.pl;
usc@gilowice.pl;
ug@gizalki.pl;
usc@gizycko.pl;
sekretariat@e-glinojeck.pl;
usc@um.gliwice.pl;
umglogow@lg.onet.pl;
usc@glogow-mlp.pl;
usc@glogowek.pl;
usc-glowaczow@wp.pl;
usc@glowno.pl;
ug@glowczyce.pl;
um@glubczyce.pl;
usc@glucholazy.pl;
glochow@poczta.onet.pl;
sekretariat@gluszyca.pl;
rob-kierownik@gniew.pl;
usc@gniewino.pl;
gabriela.wyszecka@gniewino.pl;
gniewino@gniewino.pl;
urzad@gniewkowo.com.pl;
gmina@gniewoszow.pl;
usc@gniezno.eu;
sekretariat@gnojnik.pl;
a.stepien@gnojno.eu;
h.banas@gnojno.eu;
gmina@goczalkowicezdroj.pl;
sekretariat@uggodkowo.bip.doc.pl;
gmina@godow.pl;
gmina@godzianow.pl;
godziesze-wi@zgwrp.org.pl;
sekretariat@godziszow.pl;
usc@gogolin.pl;
urzad@golczewo.pl;
usc@goleniow.pl;
usc@goleszow;
usc@golina.pl;
um@golub-dobrzyn.pl;
miastoigmina@golancz.pl;
ug@golcza.pl;
sekretariat@goldap.pl;
gmina@goluchow.pl;
usc.golymin@wp.pl;
ug@gomunice.pl;
kancelaria.um@goniadz.pl;
poczta@goraj.eurzad.eu;
um@um.gorlice.pl;
usc@um.gorlice.pl;
gmina@gorzkowice.pl;
gmina@gorzkow.eu;
ztalik@gorzkow.eu;
um@gorzowslaski.pl;
usc@um.gorzow.pl;
ug@gminagorzyce.pl;
usc@gorzyce.pl;
promocja@gorzyce.pl;
gostycyn@las.pl;
um@gostynin.pl;
hmatyla@um.gostyn.pl;
sekretariat@goszczanow.com;
goszczyn@gminy.pl;
poczta@goscieradow.pl;
usc@goscino.com.pl;
gowarczow@02.pl;
goworowo@ostroleka.home.pl;
usc@gozdnica.pl;
sekretariat@gozdowo.pl;
usc@gora.com.pl;
usc@gorakalwaria.pl;
usc@goraswmalgorzaty.pl;
usc@gorno.pl;
umgorowo@gorowoilaweckie.pl;
urzad@gorzno.pl;
gmina@gorzno.ugm.pl;
ug@gorzyca.pl;
usc@gozd.pl;
urzadgminy@grabica.pl;
usc@grabowiec.pl;
gmina@grabowiec.pl;
uggrabowo@interia.pl;
usc@grabow.com.pl;
grabow@grabow.pl;
urzad@grabownadprosna.com.pl;
sekretariat@um.grajewo.pl;
a.rosol@granowo.pl;
gmina@grebkow.pl;
ewidencja-usc@grebocice.com.pl;
ug_greboszow1@wp.pl;
usc@grebow.com.pl;
usc@grodkow.pl;
usc@grodziczno.pl;
ug@grodziec.pl;
ug@gminagrodzisk.pl;
urzad@grodzisk.pl;
usc@grodzisk.wlkp.pl;
usc@grodziskodolne.pl;
gmina@gromadka.pl;
ug@gromnik.pl;
gminagronowo@gminagronowo.pl;
usc@grodek.pl;
gmina@grodek.sacz.pl;
usc@grodek.iap.pl;
usc@grojecmiasto.pl;
gmina@grudusk.com;
usc@um.grudziadz.pl;
sekretarz@gminagrunwald.pl;
gruta@gruta.pl;
umgrybow@pro.onet.pl;
urad@gryfice.eu;
usc@gryfino.pl;
usc@gryfow.pl;
grzegw@grzegorzew.pl;
usc@gubin.pl;
usc@gminagzy.pl;
gmina@haczow.pl;
hajnowka@hajnowka.pl;
halinow@halinow.pl;
usc@gminahanna.pl;
gmina@gminahanna.pl;
gmina@hansk.pl;
harasiuki@zgwrp.org.pl;
gwhazlach@sekap.pl;
g.muza@gohel.pl;
gmina@herby.pl;
uschorodlo@wp.pl;
ug@horodlo.pl;
ug@horyniec-zdroj.pl;
usc@miasto.hrubieszow.pl;
miasto@hrubieszow.pl;
wojt@huszlew.pl;
usc@hyzne.pl;
ug_igwaw@poczta.onet.pl;
um@umilawa.pl;
ilowa@ilowa.pl;
sekretariat@ugilowo-osada.pl;
usc@ilow.pl;
usc@ilza.pl;
burmistrz@imielin.pl;
usc@imielno.pl;
kadry@inowlodz.pl;
sekretariat@inowroclaw.ug.gov.pl;
prezydent@inowroclaw.pl;
usc@insko.pl;
urzad@irzadze.pl;
usc@ug.istebna.pl;
ug_iwaniska@kielce.home.pl;
sekretariat@iwanowice.pl;
usc@iwierzyce.pl;
gmina@iwkowa.pl;
sekretariat@iwonicz-zdroj.pl;
usc@izabelin.pl;
ugizbica@mbnet.pl;
urzad@izbicakuj.pl;
ug@izbicko.pl;
sekretariat@jablonka.pl;
jablonna_gm@wp.pl;
jablonna@jablonna.eurzad.eu;
sekretariat@jablonowopomorskie.pl;
usc@jablon.pl;
ugjablon@jablon.pl;
jadow@o2.pl;
usc@jaktorow.pl;
wolka@bazagmin.pl;
sekretariat@janikowo.com.pl;
usc@janikowo.com.pl;
usc@janowicewielkie.eu;
gmina@janowiec.pl;
gmina@janowiec.com.pl;
usc@um-janowiecwlkp.pl;
sekretariat@janowo.pl;
j.maciagowska@janow.pl;
gmina@janow.com.pl;
usc@janowlubelski.pl;
sekretariat@janowlubelski.pl;
j.kusznerczuk@janowpodlaski.pl;
ug@janowpodlaski.pl;
ug@jaraczewo.pl;
ug@gmina-jarczow.pl;
office@jarocin.pl;
usc@jarocin.pl;
usc.jarocin@wp.pl;
usc@jaroslaw.pl;
sekretariat@jasienica.pl;
urzad@jasienicarosielna.pl;
jasieniec@e-bip.pl;
um@jasien.pl;
gmina@jasionowka.pl;
usc@um.jaslo.pl;
usc@urzad.gminajaslo.pl;
usc@jastarnia.pl;
sekretariat@jastrowie.pl;
usc@jastrzab.com.pl;
usc_jastrzebia@jastrzebia.pi;
usc@um.jastrzebie.pl;
gmina@jaswily.iap.pl;
usc@jawor.pl;
sekretariat@jawornikpolski.itl.pl;
usc@jaworze.pl;
usc@um.jaworzno.pl;
urzad@jaworzyna.net;
ug@jedlicze.pl;
usc@jedlinazdroj.eu;
usc@jedlinsk.pl;
sekreteriat@jedlnia.pl;
gmina@jednorozec.pl;
usc@jedwabne.pl;
ug@jedwabno.pl;
ug@jejkowice.pl;
um.usc@jelcz-laskowice.pl;
usc_um@jeleniagora.pl;
ug_jeleniewo@pro.onet.pl;
usc@jelesnia.pl;
usc@jemielnica.pl;
gmina@jerzmanowice-przeginia.pl;
gmina@ug.jeziorawielkie.pl;
e.kapturska@jeziorawielkie.pl;
umjeziorany@wp.pl;
gmina.jeziorzany@jeziorzany.eu;
sekretariat@ug-jezewo.lp.pl;
jezowe@pro.onet.pl;
jezow@jezow.plusc@jezow.pl;
gmina@jezowsudecki.pl;
sekretariat@umjedrzejow.pl;
ug_jodlowa@wp.pl;
gmina@jodlownik.pl;
usc@ugjoniec.pl;
sekretariat@jonkowo.pl;
gmina-jordanow@rubikon.pl;
usc@jordanow.pl;
ug@jordanowslaski.pl;
jozefow@ejozefow.pl;
um@jozefow.pl;
sekretariat@gminajozefow.pl;
sekretariat@juchnowiec.gmina.pl;
usc@jutrosin.eu;
usc@kaczory.com.pl;
usc@kadzidlo.pl;
lidia.chrobok@kalety.pl;
ug@kalinowo.pl;
usc@kaliska.pl;
umkalisz@um.kalisz.pl;
usc@um.kalisz.pl;
ratusz@kaliszpom.pl;
usc@kaliszpom.pl;
sekretariat@kalwaria-zebrzydowska.pl;
umkaluszyn@kaluszyn.pl;
gmina@kamienica.org.pl;
poczta@kamienicapolska.pl;
usc@kamieniec.pl;
usc@kamzab.pl;
sekretariat@kamiennagora.pl;
ugkam69@interia.pl;
usc@gminakamien.pl;
sekretariat@um.kamienkr.pl;
usc@kamienpomorski.pl;
kamiensk@kamiensk.com.pl;
sekretariat@ugkamionka.pl;
gmina@kamionka.iap.pl;
urzad@kampinos.pl;
usc@kanczuga.pl;
usc@karczew.pl;
sekretariat@poczta.karczmiska.pl;
sekretariat@kargowa.pl;
usc@karlino.pl;
usc_el@karnice.pl;
gmina@karniewo.pl;
kancelaria@karpacz.eu;
ug@karsin.pl;
usc@poczta.kartuzy.pl;
usc@um.katowice.pl;
ugkaweczyn@kaweczyn.pl;
usc@kazanow.pl;
kazimierzbiskupi@kazimierz-biskupi.pl;
um@umkd.pl;
umig@kazimierzawielka.pl;
usc@kazmierz.pl;
gmina@kakolewnica.lublin.pl;
slawomir.woch@kakolewnica.lublin.pl;
usc@katywroclawskie.pl;
urzad@kcynia.pl;
sekretariat@kedzierzynkozle.pl;
poczta@kepice.pl;
kepno@um.kepno.pl;
kesowo@kesowo.pl;
usc@ketrzyn.com.pl;
gmina@kety.pl;
piotr.molas@um.kielce.pl;
kielczyglow.gm@hot.pl;
urzadgminywkiernozi_xl@wp.pl;
umig@kietrz.pl;
usc@kije.pl;
urzadgminy@kijewo.pl;
urzad@kikol.plewidencja@kikol.pl;
sekretariat@kisielice.pl;
ug@kiszkowo.pl;
usckiwity@gmail.com;
ugim@kleczew.pl;
urzad@klembow.pl;
kleszczeleum@fr.pl;
urzad@kleszczewo.pl;
kleszczow@kleszczow.pl;
usc@klimontow.pl;
gmina@klonowa.pl;
sekretariat@kluczbork.pl;
klucze@gmina-klucze.pl;
ug@kluczewsko.gmina.pl;
usc@kluki.pl;
ug@klukowo.pl;
usc@klwow.pl;
usc@klecko.pl;
usc@gminaklobuck.pl;
gmina@kloczew.pl;
sekretariat@klodawa.pl;
urzad@klodawa.wlkp.pl;
usc@um.klodzko.pl;
ug@klomnice.pl;
usc@knurow.pl;
sekretariat@knyszyn.pl;
ugkobiele@poczta.onet.pl;
info@ugk.pl;
usc@kobior.pl;
urzad@kobyla-gora.pl;
um@kobylin.pl;
kobylinb@wp.pl;
urzad@kobylka.pl;
usc@kochanowice.pl;
sekretariat@kocierzewpoludniowy.bipst.pl;
kock@kock.pl;
info@kocmyrzow-luborzyca.ug.gov.pl;
koczala@koczala.pl;
usc@koden.pl;
ug@koden.pl;
ugkodrab@op.pl;
bernadeta.kluz@kolbudy.pl;
usc@kolbuszowa.pl;
usc@kolno.home.pl;
ug_kolno@poczta.onet.pl;
umig@kolonowskie.pl;
kolsko@tercom.pl;
um@koluszki.pl;
ug@kolaczkowo.pl;
usc@kolaczyce.itl.pl;
gminakolaki@op.pl;
usc@kolbiel.pl;
ug@kolczyglowy.pl;
usc@kolo.pl;
e.dlugosz@um.kolobrzeg.pl;
urzad@komancza.pl;
dorota.mm@komarowka.home.pl;
komarowka@home.pl;
poczta@komarow.pl;
komorniki_ug@wokiss.pl;
ug@komprachcice.pl;
usc@konarzyny.plug@konarzyny.pl;
ugkoneck@koneck.pl;
usc@koniecpol.pl;
um_konin@konet.pl;
gmina@koniusza.pl;
usc@konopiska.pl;
ug_konopnica@post.plurzad@konopnica.pl;
usc@konstancinjeziorna.pl;
konstantynow@lubelskie.pl;
usc@konstantynow.pl;
usc@umkonskie.pl;
ugkonskowola@post.pl;
usc.umig.koprzywnica@op.pl;
korczew_gmina@wp.pl;
gmina@korczyna.pl;
usc@korfantow.pl;
urzad@kornowac.pl;
sekretariat@um.koronowo.pl;
usc@korsze.pl;
korycin@kki.net.pl;
usc@korytnica.pl;
gmina@korzenna.pl;
usc@kosakowo.pl;
samorzad@kosowlacki.pl;
gmina@kostomloty.pl;
usc@kostrzyn.wlkp.pl;
urzad@kostrzyn.um.gov.pl;
usc@kostrzyn.um.gov.pl;
usc-koszalin@um.man.koszalin.pl;
usc@gminakoszarawa.com;
koszecin@koszecin.pl;
ug@koszyce.gmina.pl;
soo@koscian.pl;
sekretariat@koscielec.ug.gov.pl;
gmina@koscielisko.com.pl;
urzad@koscierzyna.gda.pl;
ug@kotlin.com;
ug@kotun.pl;
kowal@kowal.eu;
kowala@kowala.pl;
gmina@kowale.fr.pl;
um.kowalewo@wp.pl;
urzad@kowalewopomorskie.pl;
usc@kowary.pl;
usc@kowiesy.pl;
um@kozieglowy.pl;
urzad@kozienice.pl;
usc@kozlowo.pl;
gmina@kozlow.pl;
sekretariat@konopnica.eurzad.eu;
usc@kozy.pl;
sekretariat@kozminwlkp.pl;
gmina@kozminek.pl;
usc@kozuchow.pl;
kornik@kornik.pl;
gmina@krajenka.pl;
sc.umk@um.krakow.pl;
usc@kramsk.pl;
umig@krapkowice.pl;
ugkrasiczyn1@poczta.onet.pl;
ug_krasne@krasne.pl;
usc@gminakrasne.pl;
usc@krasnobrod.pl;
um@krasnobrod.pl;
ugkras@op.pl;
ugkrasnosielc@post.pl;
miasto@krasnystaw.pl;
wso@krasnystaw.pl;
usc@krasnystaw.ug.gov.pl;
woit@krasnystaw.ug.gov.pl;
usc@krasocin.com.p;
urzad@kraszewice.pl;
usc_krasniczyn@op.pl;
krasniczyn@op.pl;
sekretariat@krasnik.eu;
sekretariat@gminakrasnik.pl;
ugkrempna@wp.pl;
usc@krobia.pl;
kroczyce@kroczyce.pl;
l.gordziej@krokowa.pl;
krokowa@krokowa.pl;
usc@um.krosno.pl;
usciso@krosnoodrzanskie.pl;
sekretariat@kroscienko-nad-dunajcem.pl;
usc@kroscienkowyzne.pl;
sekretariat@ug.krosnice.pl;
sekretariat@krosniewice.pl;
usc@krosniewice.pl;
um@krotoszyn.pl;
usc@um.krotoszyn.pl;
kruklanki2@wp.pl;
gmina@krupskimlyn.pl;
um@kruszwica.um.gov.pl;
ug@kruszyna.pl;
ugukry@ns.onet.pl;
j.czekierda@krynice.com.pl;
ugkrynice@krynice.com.pl;
kancelaria@krynki.pl;
ugkrypno@podlaskie.pl;
um@krzanowice.pl;
usc@krzczonow.mbnet.pl;
elud@krzemieniewo.pl;
umig@krzepice.pl;
usc@um.krzeszowice.pl;
sekretariat@krzeszow.pl;
sekretariat@krzeszyce.pl;
urzad@krzecin.pl;
krzykosy@wokiss.pl;
Krzymow@op.pl;
usc@krzynowlogamala.pl;
usc@krzywcza.pl;
sekretariat@gminakrzywda.pl;
usc@krzywin.wokiss.pl;
um_krzyz@pro.onet.pl;
ug@krzyzanowice.pl;
usc@krzyzanow.pl;
ug.ksiaz@wp.pl;
urzad@ksiaz-wlkp.pl;
sekretariat@gminaksiazki.pl;
amalec@ksiezpol.pl;
info@ksiezpol.pl;
ugkuczbork@poczta.wp.pl;
sekretariat@kudowa.pl;
sekretariat@kuleszek.pl;
usc@kunow.pl;
sekretariat@kurow.pl;
usc@kurylowka.pl;
usc@kurzetnik.pl;
kuslin@tosa.pl;
urzad@um.kutno.pl;
poczta@kuzniaraciborska.pl;
sekretariat@kuznica.ug.gov.pl;
ezwidryn@kwidzyn.pl;
usc@kwilcz.pl;
sekretariat@lanckorona.pl;
gmina@laskowa.pl;
usc@lasowicewielkie.pl;
usc@laszki.eu;
sekretariat@gmina-latowicz.pl;
gmina@gmina-ladek.pl;
usc@ladek.pl;
usc@um.legionowo.pl;
usc@legnica.eu;
sekretariat@lelis.pl;
sekretariat@uglelkowo.pl;
usc.lelow@gmail.com;
wojt@lelow.pl;
ug.leoncin@tlen.pl;
usc@lesko.pl;
usc@leszno.pl;
usc@gminaleszno.pl;
gmina@lesznowola.pl;
sekretariat@lesna.pl;
usc@lesnapodlaska;
um@lesnica.pl;
lesniowice@zgwrp.org.pl;
lb@lewin-brzeski.pl;
usc@lezajsk.um.gov.pl;
usc@um.lebork.pl;
usc@ledziny.pl;
lgota@i-bip.pl;
usc@libiaz.pl;
usc@lichnowy.pl;
umig@lidzbark.pl;
usc@lidzbarkw.pl;
limanowa@ug.limanowa.pl;
sekretariat@miasto.limanowa.pl;
usc@gminalinia.com.pl;
usc@liniewo.pl;
sekretariat@lipcereymontowskie.pl;
umig@lipiany.pl;
gmina_lipie@poczta.onet.pl;
urzad@gminalipinki.pl;
gmina@lipka.pnet.pl;
m.cichosz@lipnica.pl;
gmina@lipnicamurowana.pl;
lipnicaw@gminyrp.pl;
usc@lipnik.pl;
a.kozak@lipno.pl;
sekretariat@umlipno.pl;
usc-lipowa@lipowa.pl;
gmina@lipowieckoscielny.pl;
gmina@lipsk.pl;
umig@lipsko.eu;
jolanta.senger@lipusz.pl;
ug@lipusz.pl;
urzadgminy@lisewo.com;
ug@lsiiagora.pl;
gmina@liskow.pl;
ug@liszki.pl;
sekretariat@lniano.pl;
kierownik@usc.lubaczow.pl;
lubanie@lubanie.pl;
boi.um@luban.pl;
poczta@um.lubartow.pl;
lubasz@wokiss.pl;
usc@gminalubawa.pl;
lubawka@lubawka.net.pl;
ug@lubenia.pl;
kierownikusclubichowo@wp.pl;
usclubichowo@wp.pl;
info@lubicz.pl;
usc@lubicz.pl;
gmina@lubien.pl;
sekretariat@poczta.lubien.com.pl;
usc@lubiewo.pl;
kontakt@um.lubin.pl;
urzad@lubiszyn.pl;
usc@lublin.eu;
um@lubliniec.pl;
usc@lubniewice.pl;
usc@lubochnia.pl;
usc@lubomia.pl;
usc@lubomierz.pl;
sekretariat@lubomino.ug.gov.pl;
usc@lubon.pl;
ugl@uglubowidz.pl;
urzad@lubraniec.pl;
urzad@lubrza.opole.pl;
sekretariat@lubsko.pl;
usc@lubsza.ug.gov.pl;
gmina@lubycza.pl;
ludwin@lubelskie.pl;
sekretariat@lutocin.i-gmina.pl;
ug@lutomiersk.pl;
usc@lutowiska.pl;
gmina.lututow@gmail.com;
usc@luzino.pl;
usc@lwowek.com.pl;
usc@lwowekslaski.pl;
kancelaria@lyski.pl;
urzad@labiszyn.pl;
gmina@labowa.pl;
usc@labunie.com.pl;
uglabunie@labunie.com.pl;
ladzice@ladzice.gminyrp.pl;
usc@lagiewniki.pl;
usc@lagowgmina.pl;
ug@lambinowice.pl;
uglanieta@op.pl;
usc@um-lancut.pl;
ug@lapanow.pl;
gmina@lapszenizne;
sekretariat@lapy.podlasie.pl;
umig@lasin.pl;
um@lask.pl;
klyz@laszczow.pl;
sekretariat@laszczow.pl;
sekretariat@gminalaziska.pl;
usc@laziska.um.gov.pl;
usc@lazy.pl;
sekretariat@gminalack.pl;
gmina@lacko.pl;
usc@lacko.pl;
usclaczna@poczta.onet.eu;
lucyna.pawlowska@leba.eu;
info@um.leczna.pl;
usc@leczyca.info.pl;
sekretariat@leczyce.pl;
sekretariat@leka-opatowska.pl;
usc@lekawica.com.pl;
sekretariat@lekiszlacheckie.pl;
sekretariat@umleknica.pl;
lobez@lobez.pl;
urzad@lobzenica.pl;
usc@lobzenica.pl;
usc@gminalochow.pl;
gmina@lodygowice.pl;
ug@lomazy.pl;
umig@lomianki.pl;
prezydent@um.lomza.pl;
sekretariat@gminalomza.pl;
usc@loniow.pl;
urzad@lopiennikgorny.pl;
gmina@lopuszno.pl;
umiglosice@pro.onet.pl;
ug@lososina.pl;
usc@um.lowicz.pl;
urzad@nowosolna.gminarp.pl;
usc.centrum@uml.lodz.pl;
gmina@lubianka.pl;
ug@lubniany.pl;
sekretariat@lubnice.eu;
uglubnice@uglubnice.com.pl;
sekretariat@lubowo.pl;
budzynski@lukowa.pl;
sekretariat@lukowa.pl;
gmina@lukowica.iap.pl;
sekretariat@um.lukow.pl;
sekretariat@lukow.ug.gov.pl;
czerwinska@lukta.com.pl;
gmina@luzna.pl;
ug_lyse@wp.pl;
sekretariat@lysomice.pl;
usc@lyszkowice.pl;
usc@magnuszew.pl;
usc@majdankrolewski.pl;
makow@gminy.pl;
usc@makowmazowiecki.pl;
urzad@makow-podhalanski.pl;
uscoc@malanow.pl;
usc@um.malbork.pl;
sekretariat@malczyce.wroc.pl;
usc@malechowo.pl;
usc@malawies.pl;
gmina@maldyty.pl;
m.kaca@maldyty.pl;
usc@malkiniagorna.pl;
usc@malogoszcz.pl;
urzad@malomice.pl;
e.nowak@manowo.pl;
gmina@marciszow.pl;
sekretariat@margonin.pl;
usc@margonin.pl;
ug@marianowo.pl;
usc@marki.pl;
usc@markowa.pl;
markusy@data.pl;
gmina@markuszow.pl;
maslowice_usc@zgwrp.org.pl;
sekretariat@maslow.pl;
radek@maslow.pl;
urzad@maszewo.pl;
usc@maszewo.net.pl;
medyka@medyka.itl.pl;
melgiew@melgiew.pl;
medrzechow@zgwrp.org.pl;
sekretariat@miasteczkokrajenskie.pl;
sekretariat@miasteczko-slaskie.pl;
usc@umig.miastko.pl;
gmina.miastkowo@vp.pl;
gmina@miastkowkoscielny.pl;
gmina@miaczyn.eurzad.eu;
sekretariat@michalowice.malopolska.pl;
sekretariat@michalowo.eu;
michalow@op.pl;
sekretariat@michow.eurzad.eu;
gmina@miechow.eu;
mwaligora@miechow.eu;
urzad@charsznica.pl;
sekretariat@miedziana-gora.pl;
ug-miedzichowo@post.pl;
ugmiedzna@op.pl;
bso@miedzna.pl;
usc@miedzno.pl;
usc@miejscepiastowe.pl;
joanna.sztulpa@miejska-gorka.pl;
usc@um.mielec.pl;
usc@mieleszyn.pl;
gmina@mielnik.com.pl;
urzad@mieroszow.pl;
gmina@mierzecice.pl;
usc@mieszkowice.pl;
gmina@mieszkowice.pl;
ug@miescisko.nowoczesnagmina.pl;
usc@miedzyborz.pl;
usc@miedzychod.pl;
urzad@miedzylesie.pl;
usc@miedzyrzec.pl;
um@miedzyrzecz.pl;
um_bogumilabajek@miedzyzdroje.pl;
usc@miekinia.pl;
usc.mikolajki@onet.eu;
usc@mikolajkipomorskie.pl;
usc@mikolow.eu;
umig@mikstat.pl;
usc@milanow.pl;
gmina@milanow.pl;
usc@milanowek.pl;
gmina@milejczyce.pl;
ugmilejewo@elblag.com.pl;
sekretariat@milejow.pl;
usc@milicz.pl;
ugmilowka@milowka.com.pl;
usc@milakowo.eu;
ugmilki@gminamilki.home.pl;
usc@ugmilkowice.net;
gmina@milomlyn.pl;
promocja@miloradz.malbork.pl;
Sekretariat@miloslaw.info.pl;
usc@umminskmaz.pl;
usc@mircze.pl;
gmina@mircze.pl;
urzad@miroslawiec.pl;
urzad@mirow.pl;
gmina@mirsk.pl;
usc.mirzec@op.pl;
usc@mlawa.pl;
uscmlodzieszyn@o2.pl;
usc@mlynary.pl;
ug@mniow.pl;
mniszkow@mniszkow.pl;
usc@mochowo.pl;
modliborzyce@wp.pl;
gmina@mogielnica.pl;
gmina@mogilany.pl;
usc@mogilno.pl;
mokobody@gminy.pl;
urzad@mokrsko.pl;
sekretariat@um-monki.pl;
e.chlad@morawica.pl;
a.swit@morawica.pl;
usc@morag.pl;
ug_mordy@pro.onet.pl;
usc@moryn.pl;
usc@morzeszczyn.pl;
usc@mosina.pl;
ug.moskorzew@interia.pl;
gmina@gminamoszczenica.eu;
ug@moszczenica.pl;
usc@mragowo.um.gov.pl;
urzad@mrocza.pl;
gmina@mrozy.pl;
oc@mstow.pl;
usc@mszana.ug.gov.pl;
miasto@mszana-dolna.pl;
urzad.miejski@mszczonow.pl;
ug@msciwojow.pl;
gmina@mucharz.pl;
gmina@murowana-goslina.pl;
ug@murow.pl;
gmina@muszyna.pl;
usc@muszyna.pl;
usc@mykanow.pl;
usc@myslakowice.pl;
usc@myslowice.pl;
usc@myszyniec.nowoczesnagmina.pl;
info@myslenice.pl;
USC.umig@mysliborz.pl;
usc@nadarzyn.pl;
gmina@naglowice.pl;
usc@umig.naklo.pl;
um@naleczow.pl;
urzad.miejski@namyslow.eu;
narew@narew.gmina.pl;
gmina@narewka.pl;
urzad@narol.pl;
ugnaruszewo@vip.wp.pl;
um@nasielsk.pl;
gmina@nawojowa.pl;
nekla@gminanekla.pl;
usc@nedza.pl;
um@nidzica.pl;
usc@nieborow.pl;
usc@niebylec.com.pl;
ug@niechanowo.pl;
info@niedrzwicaduza.pl;
poczta@niedzwiada.pl;
gmina@niedzwiedz.iap.pl;
urzad@niegowa.pl;
ugnielisz@mbnet.pl;
info@niemce.pl;
sekretariat@um.niemcza.pl;
um@niemodlin.pl;
magistrat@niepolomice.com;
usc@niepolomice.com;
urzad@nieporet.pl;
um.nieszawa@nieszawa.pl;
usc@nisko.pl;
urzadgminy@gmina.niwiska.pl;
urzad@nowabrzeznica.pl;
usc@nowadeba.pl;
urzad@nowakarczma.pl;
usc@um.nowaruda.pl;
umig@nowasarzyna.eu;
urzad@nowaslupia.pl;
usc@nowasol.pl;
usc@nowasucha.pl;
ugnwl@nwl.pl;
ug@nowawieswielka.pl;
sekretariatnb@iap.pl;
sekretariat@nowemiasteczko.pl;
usc@ugnowemiasto.pl;
usc@umnowemiasto.pl;
nowemiasto@nowemiasto.pl;
usc@gmina-nowe-miasto.pl;
usc@gminanowe.pl;
sekretariat@noweostrowy.pl;
ugpiekuty@pro.onet.pl;
usc.urzad@nowewarpno.pl;
ugnowinka@poczta.onet.pl;
sekretariat@nowodwor.eurzad.eu;
usc@nowogard.pl;
urzad@nowogrodziec.pl;
umnowogrod@wp.pl;
now.bobrz.um@post.pl;
ug@nowyduninow.info.pl;
ugnd@poczta.onet.pl;
urzad@miastonowydwor.pl;
a.rachwal@miastonowydwor.pl;
a.grot@miastonowydwor.pl;
sekretariat@nowydwormaz.pl;
usc@ugkaweczyn.pl;
usc@nowykorczyn.pl;
urzad@nowysacz.pl;
usc@nowystaw.pl;
usc@um.nowytarg.pl;
b.jakubowska@nowytomysl.pl;
usc@nowywisnicz.pl;
ugnz@pro.onet.pl;
ugn@nozdrzec.pl;
usc.nur@gminanur.pl;
ug@nurzec-stacja.eu;
kierownik_usc@www.nysa.pl;
usc_1@www.nysa.pl;
um@oborniki.pl;
oborniki@oborniki-slaskie.pl;
usc@obrazow.asi.pl;
obrowo@obrowo.pl;
usc@obryte.pl;
sekretariat@obrzycko.com;
ugobsza@wp.pl;
sekretariat@obsza.pl;
gmina@ochotnica.pl;
usc@ochotnica.pl;
sekretariat@odolanow.pl;
usc@odolanow.pl;
usc@odrzywol.eu;
usc@ogrodzieniec.pl;
sekretariat@ojrzen.pl;
ratusz@okonek.pl;
gminaoksa@ooczta.onet.pl;
um@um.olecko.pl;
sekretariat@gminaolesno.pl;
olesno.opo@gminy.pl;
usc@ug.oleszyce.pl;
kancelaria@um.olesnica.pl;
sekretariat@gminaolesnica.pl;
poczta@umig.olkusz.pl;
w.kaminski@umig.olkusz.pl;
usc@olszanica.pl;
usc@olszanka.pl;
uscolszanka@interia.eu;
sekretariat@olszewo-borki.pl;
urzad.gminy@olszowaka.org.pl;
usc@olsztyn-jurajski.pl;
usc@olsztyn.eu;
usc@olsztynek.pl;
ratusz@olsztynek.pl;
poczta@olszyna.pl;
usc@um.olawa.pl;
usc@opalenica.pl;
info@opalenica.pl;
usc.opatowiec@poczta.fm;
usc_opatow@interia.pl;
usc@umopatow.pl;
gmina@opatowek.pl;
um.opoczno@um.opoczno.pl;
urzad@um.opole.pl;
sekretariat@opolelubelskie.pl;
gmina@oporow.pl;
ug@orchowo.pl;
ugorla@orla.pl;
usc@ugorly.pl;
lucynamakowska@orneta.pl;
ug@ornontowice.pl;
usc@oronsko.pl;
um@orzesze.pl;
usc@um.orzysz.pl;
um@orzysz.pl;
ug@osie.pl;
uscosieck@wp.pl;
a.cugier@osieczna.pl;
gminaosieczna@home.pl;
info@osiecznica.ug.gov.pl;
gmina.osiek@perfect.net.pl;
gmina@osiek.pl;
urzad@osiek.gda.pl;
uscosiek@wp.pl;
usc@osiekjasielski.pl;
gmina@osielsko.pl;
ugosieciny@q4.pl;
usc@osina.pl;
usc@osjakow.bip.net.pl;
usc@ostaszewo.pl;
um@um.ostroleka.pl;
ostrorog_umig@wokiss.pl;
usc_ostrowiec@op.pl;
ugmostrowite@post.pl;
usc@um.ostroda.pl;
usc@ostrow.gmina.pl;
ostrowlubelski@lubelskie.pl;
usc@ostrowmaz.pl;
um@ostrow-wielkopolski.um.gov.pl;
sekretariat@ostrowek.pl;
uscostrowek@interia.pl;
org@ostrzeszow.pl;
ewidencja@osno.pl;
um@um.oswiecim.pl;
usc-otmuchow@o2.pl;
usc@otwock.pl;
sekretariat@ugim.ozimek.pl;
sekretariat@umozorkow.pl;
sekretariat@ug.ozarowice.pl;
usc@ozarow.pl;
usc@ozarow-mazowiecki.pl;
poczta@um.pabianice.pl;
usc@pacanow.pl;
gmina@pacyna.mazowsze.pl;
umig@paczkow.pl;
gmina@padewnarodowa.com.pl;
ugim@pajeczno.pl;
usc@pakoslaw.pl;
ug@pakoslawice.pl;
um@pakosc.pl;
urzad@palecznica.pl;
poczta@jastkow.pl;
ug-panki@list.pl;
usc_papowobis@wp.pl;
ugp@go2.pl;
j.jakubek@parchowo.pl;
usc@parczew.com;
sekretariat@parczew.com;
usc@parysow.pl;
sekretariat@parzeczew.pl;
usc.um@paslek.pl;
sekretariat_umig@pasym.pl;
gmina@pawlowice.pl;
ug@pawlowiczki.pl;
urzad@gmina-pawlow.pl;
usc@pawonkow.pl;
gmina@patnï¿½w.pl;
info@pcim.pl;
usc@pelplin.pl;
umig@pelczyce.pl;
ugperlejewo@wp.pl;
ugperzow@wp.pl;
ug_peczniew@wp.pl;
usc@pepowo.pl;
usc@piaseczno.eu;
usc@piaski-wlkp.pl;
um@piaski.pl;
usc@piastow.pl;
ewidencja@ugpiatek.pl;
ugpiatnica@wp.pl;
usc@piechowice.pl;
gmina@piecki.com.pl;
um@piekary.pl;
irena.olczyk@piekoszow.pl;
usc@pieniezno.pl;
m.miluch@piensk.com.pl;
m.pietrzyk@pierzchnica.pl;
um@pieszyce.pl;
usc@pietrowicewielkie.pl;
urzad@pilawa.com.pl;
usc@plichowice.pl;
urzad@pilica.pl;
sekretariat@pilzno.um.gov.pl;
usc@um.pila.pl;
um@pilawagorna.pl;
sekretariat@pinczow.com.pl;
usc@pionki.pl;
obywatel@piotrkowkujawski.pl;
e-urzad@piotrkow.pl;
usc@pisz.home.pl;
tmucko@piszczac.pl;
gmina@piwniczna.pl;
usc@platerow.com.pl;
urzadgminywplaterowce@xl.wp.pl;
sekretariat@pleszew.plusc@pleszew.pl;
gmina@plesna.pl;
plaska@home.pl;
usc@plock.eu;
usc@ploniawy-bramura.pl;
plonsk@plonsk.pl;
ugploskinia@braniewo.net.pl;
t.klos@plosnica.pl;
um@ploty.pl;
sekretariat@pluznica.pl;
usc@pniewy.pl;
usc@pniewy.wlkp.pl;
sekretariat@pobiedziska.pl;
poczesna@poczesna.pl;
usc@gmina.poddebice.pl;
ug@podedworze.pl;
gmina@podegrodzie.pl;
usc@podgorzyn.pl;
urzadmiasta@podkowalesna.pl;
usc@pogorzela.pl;
usc@gminapokoj.pl;
ug@pokrzywnica.pl;
usc@polanica.pl;
gmina@polanka-wielka.pl;
a.ostrowska@polanow.eu;
urzad@esolina.pl;
usc@ug.police.pl;
uscpoliczna@interia.pl;
usc@ug.polkowice.pl;
usc@polskacerekiew.pl;
ug@polajewo.pl;
alina.dudek@poczta.onet.pl;
usc@pomiechowek.pl;
sekretariat@um.poniatowa.pl;
um@poniec.pl;
ug@popielow.pl;
a.michalczyk@ugporaj.pl;
barbara.caputa@ug.porabka.pl;
umporeba@umporeba.pl;
gmina@poronin.pl;
usc@poronin.pl;
ug@postomino.pl;
poswietne@data.pl;
usc@poswietne.pl;
ugposwietne@onet.pl;
usc-potegowo@potegowo.pl;
gmina_potokg@wp.pl;
gmina@potokwielki.pl;
usc@potworow.pl;
ug_powidz@post.pl;
ug@pozezdrze.pl;
sc@um.poznan.pl;
ewidencja@prabuty.pl;
usc@praszka.pl;
kancelaria@prazmow.pl;
usc@prochowice.com;
usc@promna.pl;
prostki@prostki.pl;
sekretariat@um.proszowice.pl;
usc@um.proszowice.pl;
usc@proszkow.pl;
sekretariat@gminapruchnik.pl;
um@prudnik.pl;
prusice@prusice.pl;
usc@pruszcz.pl;
usc@pruszcz-gdanski.pl;
usc@miasto.pruszkow.pl;
umprzas@przasnysz.um.gov.pl;
ug@przechlewo.pl;
gmina@przeciszow.pl;
urzadmiejski@przeclaw.org;
umprzedborz@pro.onet.pl;
urzad@przedecz.com.pl;
usc@przelewice.pl;
leszek.anglart@przemet.pl;
usc@przemkow.pl;
usc@um.przemysl.pl;
usc_przerosl@op.pl;
ug.przesmyki@e-bip.pl;
usc@przeworno.pl;
usc@przeworsk.um.gov.pl;
urzadgminy@przewoz.com.pl;
usc@przewoz.com.pl;
ug@przodkowo.pl;
bozena.dolaszewska@przodkowo.pl;
usc@przybiernow@com.pl;
ugp@przygodzice.pl;
przykona@przykona.pl;
gos@przylek.pl;
przyrow@przyrow.pl;
ug@gminaprzystajn.pl;
sekretariat@gminaprzysucha.pl;
usc@przytoczna.pl;
gmina@przytuly.powiatlomzynski.pl;
usc@przywidz.pl;
urzad@psary.pl;
ug@pszczew.pl;
usc@pszczew.pl;
urzad@pszczolki.pl;
usc@pszczyna.pl;
usc@pszow.pl;
puchaczow@lubelskie.pl;
usc@miasto.puck.pl;
kancelaria@um.pulawy.pl;
um@pultusk.pl;
ug_punsk@pro.onet.pl;
usc@purda.pl;
usc@puszcza-marianska;
um@puszczykowo.pl;
sekretariat@pyrzyce.um.gov.pl;
usc@pyrzyce.um.gov.pl;
usc@pyskowice.pl;
usc@pysznica.pl;
usc@pyzdry.pl;
gmina@pyzdry.pl;
urzad@rabawyzna.pl;
urzad@rabka.pl;
sekretariatrachanie@gmail.com;
sekretariat@miastoraciaz.pl;
ug.raciazek@wp.pl;
usc@um.raciborz.pl;
wojt@raciechowice.pl;
ugraclawice@wp.pl;
usc.raclawice@wp.pl;
ug@raczki.pl;
uscradecznica@o2.pl;
urzad@radgoszcz.pl;
sekretariat@radkowklodzki.pl;
radkow@radkow.ugm.pl;
usc@radlin.pl;
usc@radlow.pl;
sekretariat@gminaradlow.pl;
usc@umradom.pl;
ugradomin@poczta.onet.pl;
uscradomin@poczta.onet.pl;
usc@radomsko.pl;
kierownikusc@radomysl.pl;
usc@radomyslwielki.pl;
usc@radoszyce.pl;
ug@radowomale.pl;
usc@radwanice.pl;
usc@radymno.pl;
uscradzanowo@o2.pl;
gmina@radzanow.pl;
ugradzanow@hot.pl;
urzad@radziejowice.pl;
usc@umradziejow.pl;
ug@radziemice.gmina.pl;
wojt@radzilow.pl;
um@radzionkow.pl;
usc@radzymin.pl;
sekretariat@radzynchelminski.eu;
usc@radzyn-podl.pl;
sekretariat@radzyn-podl.pl;
ugrajcza@rajcza.com.pl;
usc@rajcza.com.pl;
20000018@pro.onet.pl;
rwajs@rakoniewice.pl;
urzad@rakow.pl;
usc@rakszawa.pl;
poczta@ranizow.pl;
kancelaria@raszkow.pl;
kierownikusc@raszkow.pl;
jkuc@raszyn.pl;
um@rawamazowiecka.pl;
usc@rawicz.pl;
sekretariat@rabino.pl;
recz@recz.pl;
ewidencja@reda.pl;
regimin@bazagmin.pl;
ugregnow@pro.onet.pl;
usc@gmina.rejowiec.pl;
sekretariat@gmina.rejowiec.pl;
usc@rejowiec.pl;
info@rejowiec.pl;
ug@renskawies.pl;
gminarepki@list.pl;
usc@resko.pl;
usc@ugreszel.pl;
usc@rewal.pl;
usc@reczno.pl;
usc@redziny.pl;
gmina@rogowo.paluki.pl;
ugrogowo@rogowo.pl;
um@rogozno.pl;
usc@rogow.eu;
info@rogozno.ug.gov.pl;
rojewo@rojewo.pl;
ug@rokiciny.net;
ug_rokietnica@wp.pl;
usc@rokietnica.pl;
rokitno@wp.pl;
gmina@ropa.iap.pl;
uscrop@ropczyce.itl.pl;
usc@rossosz.pl;
gmina@rossosz.pl;
uscrosciszewo@interia.pl;
sekretariat@rozdrazew.pl;
usc@rozogi.pl;
usc@rozprza.pl;
ug_rozwienica@pro.onet.pl;
ugrozan@post.pl;
umig@ruciane-nida.pl;
urzad.gminy@rudamaleniecka.pl;
usc@ruda-sl.pl;
sekretariat@rudahuta.pl;
ugrudka@wp.pl;
sekretariat@rudna.pl;
usc@rudnik.gmina.pl;
urzad@rudnik.gmina.pl;
urzad@gmina-rudnik.pl;
info@rudnik.pl;
usc@rudniki.pl;
gmina@rudniki.pl;
gmina@rudziniec.pl;
m.kisicka@um.rumia.pl;
gmina@rusiec.pl;
gmina@rusinow.pl;
sekretariat@rutka-tartak.pl;
sekretariat@gminarutki.pl;
urzad@rybczewice.pl;
usc@um.rybnik.pl;
usc.@gminarybno.pl;
gminarybno@wp.pl;
usc@rychliki.pl;
ugrychtal@wp.pl;
sekretaria@rychwal.pl;
ug@ryczywol.pl;
ajargon@urzad.rydultowy.pl;
jkaczynska@urzad.rydultowy.pl;
wkwiecien@urzad.rydultowy.pl;
rydzyna@rydzyna.pl;
gmina@ryglice.pl;
pesel@ryjewo.pl;
ryki@ryki.pl;
usc@rymanow.pl;
usc@ryman.pl;
usc2@miastoryn.pl;
rypin@rypin.eu;
usc@rytwiany.com.pl;
usc@rzasnia.pl;
rzasnik@bazagmin.pl;
usc@rzeczenica.pl;
urzad@rzeczniow.pl;
ug@rzeczyca.pl;
sekretariat@rzekun.net;
rzepiennik@rzepiennik.pl;
sekretariat@rzepin.pl;
usc@erzeszow.pl;
rzewnie@bipgminy.pl;
gmina@rzezawa.pl;
ug@gminarzgow.pl;
sekretariat@rzgow.pl;
sekretariat@sadki.pl;
usc@gminasadkowice.pl;
usc@sadlinki.pl;
urzad@sadowie.pl;
ug_sadowne@pro.onet.pl;
sekretariat@samborzec.pl;
usc@um.sandomierz.pl;
sanniki@zgwrp.org.pl;
usc@um.sanok.pl;
urzad@santok.pl;
usc@sarnaki.pl;
usc@sawin.pl;
ug@sawin.pl;
gmina@secemin.pl;
sejny@um.sejny.pl;
ug@serniki.eurzad.eu;
usc@serock.pl;
sekretariat@gminaserokomla.pl;
sedziejowice@zgwrp.org.pl;
usc@gminasedziejowice.pl;
um@sedziszow.pl;
um@sedziszow-mlp.pl;
ugsekowa@sekowa.pl;
usc@sepopol.pl;
sekretariat@gmina-sepolno.pl;
usc@gmina-sepolno.pl;
usc@sianow.pl;
gmina@sicienko.pl;
ug_sidra@zetobi.com.pl;
dciesla@umsiechnice.pl;
usc@sieciechow.pl;
usc@um.siedlce.pl;
mk@siedlec.pl;
usc@siedliszcze.pl;
gmina@siedliszcze.pl;
usc@siekierczyn.pl;
usc@um.siemianowice.pl;
urzad@siemiatycze.eu;
ug@simiatkowo.pl;
uscsiemien@gmail.com;
ug.siemkowice@post.pl;
ug_siemysl@post.pl;
umig_sieniawa@pro.onet.pl;
ugsiennica@poczta.fm;
siennica.rozana@gmail.com;
ug@sienno.pl;
gmina@siepraw.pl;
usc@umsieradz.pl;
sierakowice@sierakowice.pl;
urzad@sierakow.pl;
sieroszewice@sieroszewice.pl;
usc@um.sierpc.pl;
usc@siewierz.pl;
nowiny@nowiny.com.pl;
z.malinowska@sitno.gmina.pl;
jadwiga.nanus@skalbmierz.eu;
sekretariat@noweskalmierzyce.pl;
skala@skala.pl;
usc@skarszewy.pl;
urzad@skaryszew.pl;
koscielne@skarzysko.com.pl;
usc@um.skarzysko.pl;
usc@um.skawina.net;
umig@skepe.pl;
umskier@um.skierniewice.pl;
um@um.skoczow.pl;
sekretariat@skoki.nowoczesnagmina.pl;
usc@skolyszyn.pl;
sekretariat@skomlin.pl;
ug@skoroszyce.pl;
d.skonieczna@skorcz.pl;
urzadgminy@skorzec.eu;
usc@skrwilno.pl;
sekretariat@ug.skrzyszow.pl;
ug.skulsk@wp.pl;
umig@skwierzyna.pl;
gmina@slaboszow.pl;
usc@slawa.pl;
usc@slawatycze.pl;
gmina@slawatycze.pl;
um@slawkow.pl;
sekretariat@ugslawno.pl;
sekretariat@slawno.pl;
usc@slawoborze.pl;
um@slomniki.pl;
sekretariat@slonsk.pl;
usc@slonsk.pl;
gmina@slopnice.pl;
ugslubice@plocman.pl;
usc@slubice.pl;
alicja.cieslak@slubice.pl;
r-usc@miasto.slupca.pl;
usc@slupia.com.pl;
sekretariat@slupia.pl;
bip@slupiakonecka.pl;
ug@slupno.eu;
k.wrycz@um.slupsk.pl;
usc@smetowograniczne.pl;
usc@smoldzino.com.pl;
halinaserek@op.pl;
jsmereczynska@gminasj.pl;
usc@sobkow.pl;
sobolew@sobolew.pl;
usc@sobotka.pl;
usc@sochaczew.pl;
idso@sochocin.pl;
usc@sokolniki.pl;
ugim@sokolow-mlp.pl;
usc@sokolowpodl.pl;
ugsokoly@poczta.onet.pl;
kancelaria@sokolka.pl;
solec@soleckujawski.pl;
gmina@solec.pl;
ug@solec-zdroj.pl;
marianna.krakowiecka@somianka.pl;
ug@somonino.pl;
gmina@sompolno.pl;
sekretariat@sonsk.pl;
usc@sopot.pl;
usc.sorkwity@mragowo.net;
so.sosnowica@op.pl;
usc@um.sosnowiec.pl;
sosnowkausc@op.pl;
sekretariat@sosnowka.pl;
um@sosnicowice.pl;
sosnie@sosnie.pl;
sekretariat@sosno.pl;
gmina@spiczyn.pl;
urzad@spytkowice.pl;
usc@spytkowice.pl;
gmina@spytkowice.net.pl;
gmina@srokowo.iaw.pl;
strzyzewice@lubelskie.pl;
um@stalowawola.pl;
stanin@stanin.pl;
urzad.gminy@stanislawow.pl;
usc@starabiala.pl;
usc@starablotnica.pl;
ug@staradabrowa.pl;
usc@starakamienica.pl;
urzadgminy@starakiszewa.pl;
usc@kornica.org;
usc@um.starachowice.pl;
annauscstarcza@wp.pl;
usc@stare-babice.waw.pl;
ug@stare-juchy.pl;
usc@starekurowo.pl;
sekretariat@stare-miasto.pl;
usc@starepole.pl;
usc@um.stargard.pl;
usc@um.starogard.pl;
usc@starozreby.pl;
usc@starybrus.lublin.pl;
ug@starybrus.lublin.pl;
d.konowalik@starydzierzgon.pl;
urzad@starydzikow.pl;
gmina@lubotyn.pl;
gmina@stary.sacz.pl;
urzad@szelkow.pl;
usc@gminastarytarg.pl;
uscimow@lubelskie.pl;
usc@staryzamosc.pl;
gmina@staryzamosc.pl;
miroslawa.wieczorek@staszow.pl;
usc@stawiguda.pl;
sekretariat-umstawiski@stawiski.pl;
sekretariat@stawiszyn.ugim.gov.pl;
sekretariat@staporkow.pl;
anna.haluszczak@stegna.pl;
ug@stepnica.pl;
ug_sterdyn@pro.onet.pl;
urzadgminy@steszew.pl;
stezyca@gminastezyca.pl;
sekretariat@stezyca.eurzad.eu;
sok@stoczek.net.pl;
usc@stoczek-likowski.pl;
sekretariat@stolno.pl;
usc@stopnica.pl;
usc@strachowka.com.pl;
usc@strawczyn.pl;
wieslawa.ofiara@ugstromiec.pl;
gmina@stronie.pl;
sekretariat@um.strumien.pl;
strykow@strykow.pl;
stryszawa@ug.pl;
uscstryszwa@wp.pl;
gmina@stryszow.pl;
ug@strzalkowo.pl;
strzegom@strzegom.pl;
usc@strzegowo.pl;
ugstrzelce@plocman.pl;
usc@strzelce.pl;
usc@strzelceopolskie.pl;
ugstrzelce@post.pl;
usc@strzeleczki.pl;
usc@strzelin.pl;
miasto@strzelno.pl;
usc@strzyzow.pl;
usc@stubno.pl;
usc@studzienice.pl;
ugstupsk@poczta.onet.pl;
usc@subkowy.pl;
info@sucha-beskidzka.pl;
sekretariat@suchan.pl;
suchedniowusc@poczta.fm;
sekretariat@suchowola.pl;
ug@suchylas.pl;
usc@sulechow.pl;
usc@sulejow.pl;
usc@umsulejowek.pl;
usc@sulecin.pl;
sekretariat@ug.suleczyno.pl;
ug@sulikow.pl;
um@sulmierzyce.pl;
sulmierzyce@gminyrp.pl;
sulkowice@sulkowice.pl;
gmina@suloszowa.pl;
ug@sulow.pl;
um@suprasl.pl;
umsuraz@zetobi.com.pl;
gmina@susiec.pl;
susz@susz.pl;
usc@suszec.pl;
usc@um.suwalki.pl;
usc@swarzedz.pl;
usc@sycow.pl;
usc@sypniewo.pl;
usc.wn@ugimszadek.pl;
sekretariat@szaflary.pl;
usc@szaflary.pl;
sekretariat@gminaszamocin.pl;
usc@szamotuly;
umig@szamotuly.pl;
szastarka@bazagmin.pl;
sekretariat@szczawin.pl;
miasto@szczawnica.pl;
burmistrz@szczawno-zdroj.pl;
usc@szczebrzeszyn.pl;
um@szczebrzeszyn.pl;
usc@um.szczecin.pl;
urzad@um.szczecinek.pl;
eld@szczekociny.pl;
sekretariat@szczercow.org;
usc@szczercow.org;
ugszczucin@poczta.onet.pl;
um@szczuczyn.pl;
ug@szczurowa.pl;
usc@szczutowo.pl;
usc@szczyrk.pl;
szczytna@szczytna.pl;
sekretariat@szczytniki.ug.gov.pl;
sekretariat@um.szczytno.pl;
kancelaria@szemud.pl;
um@szepietowo.pl;
szerzyny@zgwrp.org.pl;
sekretariat@szklarskaporeba.pl;
umig@szlichtyngowa.pl;
szlichtyngowausc@gmail.com;
ratusz@szprotawa.pl;
szrensk@szrensk.com.pl;
ugsztabin@sztabin.ug.gov.pl;
sabina.jablonska@sztum.pl;
marzanna.moneta@sztum.pl;
kierownik_usc@sztutowo.internetdsl.pl;
info@sztutowo.ug.gov.pl;
ugim@ugim.szubin.pl;
sekretariat@szudzialowo-gmina.pl;
ugszulborze@hi.pl;
sekretariat@szumowo.pl;
usc@szydlowiec.pl;
gmina@szydlowo-maz.pl;
urzad@szydlowo.pl;
usc@szydlow.pl;
ug_szypliszki@pro.onet.pl;
usc@scinawa.pl;
ugslemien@ugslemien.ig.pl;
usc@slesin.pl;
sliwice@las.pl;
usc@smigiel.pl;
sniadowo@zgwrp.org.pl;
umiejski@srem.pl;
usc@srodaslaska.pl;
um@sroda.wlkp.pl;
usc@sroda.wlkp.pl;
g.zdolska@swiatki.com.pl;
umig@swiatniki-gorne.pl;
usc@um.swidnica.pl;
sekretariat@e-swidnik.pl;
usc@swidwin.pl;
swiebodzice@swiebodzice.pl;
poczta@um.swiebodzin.pl;
gmina@swiecienadosa.lo.pl;
usciso@swiecie.eu;
sekretariat@swiecie.pl;
ewid.ludnosci@swiedziebnia.pl;
gmina@swiedziebnia.pl;
usc@swiekatowo.pl;
ugswiekatowo@swiekatowo.lo.pl;
um@swieradowzdroj.pl;
usc@swiercze.pl;
usc@swierczow.pl;
kancelaria@ugswierklaniec.pl;
ug@swierklany.pl;
usc@swierzawa.pl;
usc@swierzno.pl;
usc@swieszyno.pl;
usc@swieciechowa.pl;
usc@swietajno.pl;
info@swietajno.ug.gov.pl;
usc@swietochlowice.pl;
usc.swilcza@swilcza.com.pl;
urzadswinice.w@wp.pl;
ug@swinna.pl;
dbursiak@um.swinoujscie.pl;
astoj@um.swinoujscie.pl;
usc@swinoujcie.pl;
tarczyn@tarczyn.pl;
bozena.wtorkowska@tarlow.pl;
m-iwanicka@tarnawatka.pl;
gmina@tarnawatka.pl;
usc@taenogrod.eu;
urzadmiejscki@tarnogrod.eu;
wbaranski@ugtarnowiec.pl;
usctp@tarnowo-podgorne.pl;
um@tarnowskiegory.pl;
usc@umt.tarnow.pl;
usc@tarnowopolski.pl;
urzad@tarnowka.pl;
usc@um.tczew.pl;
ewidencja@tczow.pl;
usc@telatyn.pl;
urzad.gminy@teresin.pl;
asapiecha@terespol.pl;
um@terespol.pl;
usc@tereszpol.pl;
gmina@tereszpol.pl;
sekretariat@dzierzkowice.pl;
ugtluchowo@pro.onet.pl;
usc@tluszcz.pl;
tokarnia@ug.pl;
sekretariat@tolkmicko.pl;
usc@tomaszow-lubelski.pl;
usc@tomaszow-maz.pl;
gmina@tomice.pl;
sekretarz@topolka.pl;
usc@um.torun.pl;
usc@torzym.pl;
usc@toszek.pl;
trawniki@trawniki.pl;
usc@trabkiw.ug.gov.pl;
ugtrabki@pro.onet.pl;
ug@trojanow.pl;
gminatroszyn@poczta.onet.pl;
ug.tryncza@data.pl;
urzad@trzciana.pl;
ratusz@trzcianka.pl;
usc@trzcianka.pl;
trzcianne@trzcianne.pl;
usc@trzciel.pl;
gmina@trzcinicanowoczesnagmina.pl;
usc@trzcinsko-zdroj.pl;
usc@trzebiatow.pl;
urzad@trzebiechow.pl;
gmina@trzebiel.pl;
l.zoppa@trzebielino.pl;
sekretariat@trzebieszow.gmina.pl;
urzad@um.trzebinia.pl;
usc@um.trzebinia.pl;
sekretariat@um.trzebnica.pl;
poczta@trzebownisko.pl;
sekretariat@trzemeszno.pl;
gmina@trzeszczany.pl;
trzyciaz@ug.pl;
ugtrzydnik@ops.pl;
usc@tuchola.pl;
info@tuchola.pl;
r.trzebiatowski@tuchomie.pl;
um@tuchow.pl;
usc@tuczepy.pl;
usctuczma@o2.pl;
sekretariat@gminatuczna.pl;
urzad@tuczno.pl;
sekretariat@tuliszkow.pl;
usc@tulowice.pl;
gmina@tuplice.pl;
ug@turawa.pl;
usc@miastoturek.pl;
usc@turobin.pl;
sekretariat@turobin.pl;
sekretariat@turosl.pl;
sekretariat@turosnkoscielna.pl;
usc@tuszownarodowy.pl;
tuszyn@tuszyn.info.pl;
usc@tuszyn.info.pl;
ratusz@twardogora.pl;
usc@tworog.pl;
umig@tychowo.pl;
m.liksza@tychowo.pl;
usc@umtychy.pl;
tyczyn@tyczyn.pl;
burmistrz.tykocin.bia@gminypolskie.pl;
ug.tymbark@tymbark.pl;
usc@tyrawa.pl;
usc@tyszowce.pl;
tyszowce@tyszowce.pl;
sekretariat@uchanie.eurzad.eu;
usc@udanin.pl;
umig@ujazd.pl;
ugujazd@ujazd.com.pl;
ugujsoly@ujsoly.com.pl;
usc@ujscie.pl;
magdalenakania@ulanmajorat.pl;
ug@ulanmajorat.pl;
ulanow@onet.eu;
sekretariat@ulhowek.eurzad.eu;
gmina@ulez.eurzad.eu;
usc@uniejow.pl;
gmina@unislaw.pl;
sekretariat@urszulin.eu;
usc@przytyk.pl;
gmina@urzedow.pl;
usc@um.ustka.pl;
sekretariat@ustronie-morskie.pl;
usc@ustron.pl;
um@ustrzyki.dolne.pl;
gmina@usciegorlickie.pl;
um@wadowice.pl;
usc@wadowicegorne.pl;
ug.waganiec@wlo.pl;
ug@walce.pl;
usc@um.walbrzych.pl;
walcz@um.pl;
wapno@wokiss.pl;
usc@warka.org.pl;
gmina@warlubie.pl;
usc@warnice.pl;
usc@um.warszawa.pl;
gmina@gimwarta.pl;
urzad@wartabol.pl;
urzad@wartkowice.pl;
burmistrz@wasilkow.pl;
usc@gminawasniow.pl;
sekretariat@wabrzezno.com;
usc@wachock.pl;
h.graczyk@wadrozewielkie.pl;
miasto@wagrowiec.eu;
ug@wapielsk.pl;
usc@wapielsk.pl;
wasewo@pro.onet.pl;
waszosz@dolnyslask.pl;
wojt.wasosz.bgr@gminypolskie.pl;
gmina@wawolnica.pl;
usc@wejherowo.pl;
ug@werbkowice.pl;
ugwg@wegierska-gorka.pl;
wegliniec@wegliniec.pl;
um@wegorzewo.pl;
urzad@wegorzyno.pl;
usc@wegrow.com.pl;
usc@wiazowna.pl;
usc@wiazownica.com;
urzad@wiazow.pl;
teresa.gardzielewska@wicko.pl;
poczta@widawa.pl;
usc@widuchowa.pl;
sekretariat@wieczfniakoscielna;
uscwielbark@wp.pl;
usc@wielen.pl;
gmina@wielgie.pl;
urzad@wielgomlyny.pl;
cecyliamichalowska@wielichowo.pl;
magistrat@wieliczka.eu;
usc@wieliczka.eu;
sekretariat@wieliczki.pl;
usc@wieliszew.pl;
usc@wielkanieszawka.lo.pl;
ug@wielka-wies.pl;
ug@wielkieoczy.info.pl;
usc@wielopole.itl.pl;
usc@wielowies.pl;
um.wielun@um.wielun.pl;
ug_wieniawa@interia.pl;
sekretariat@wieprz.eu;
usc@radziechowy-wieprz.pl;
usc@wieruszow.pl;
usc@wierzbica.pl;
ugwierzbica@wp.pl;
USC@wierzbinek.pl;
gmina@gminawierzbno.pl;
gminawierzchlas@wp.pl;
ug@wierzchoslawice.pl;
usc@wierzchowo.pl;
gmina@wietrzychowice.pl;
umwiecbork@wiecbork.pl;
usc@wiecbork.pl;
elzbieta.hoder@ug.wilamowice.pl;
sekretariat@wilczeta.ug.gov.pl;
urzad@wilczyce.pl;
usc@wilczyn.pl;
ugwilga@interia.pl;
gmina@wilkolaz.pl;
sekretariat@wilkowice.pl;
wilkow@wilkow.eurzad.eu;
sekretariat@gminawinnica.pl;
sekretariat@winsko.pl;
sekretariat@wiskitki.pl;
usc@um.wisla.pl;
nowosielska@wisznice.pl;
gmina@wisznice.pl;
urzad@ug.wislica.pl;
usc@wisniew.pl;
uscwisniewo@bazagmin.pl;
info@ug-wisniowa.pl;
usc@wisniowa.pl;
ugim@witkowo.pl;
usc@witnica.pl;
witonia@zgwrp.org.pl;
wizna@wizna.pl;
wizajny@su.home.pl;
usc@wlen.pl;
usc@wladyslawowo.pl;
usc@wladyslawow.pl;
usc@um.wloclawek.pl;
usc@wlodawa.eu;
info@wlodawa.eu;
usc@wlodowice.pl;
dorotamierzynska@wloszakowice.pl;
usc@gmina-wloszczowa.pl;
usc@wodynie.eu;
urzad@wodzierady.pl;
ugwodzislaw@wp.pl;
usc@wodzislaw-slaski.pl;
usc@wohyn.home.pl;
wohyn@home.pl;
usc@wojaszowka.pl;
urzad@wojciechowice.com.pl;
info@wojciechow.pl;
urzad_gminy@wojcieszkow.pl;
usc@wojcieszow.pl;
usc@wojkowice.pl;
um@wojnicz.pl;
gmina@wojslawice.eurzad.eu;
sekretariat@wola-krzysztoporska.pl;
wola_myslowska@o2.pl;
uscwola@wp.pl;
wolauhruska@lubelskie.pl;
ewidencja.ludnosci@wolanow.pl;
sekretariat@wolborz.ugm.pl;
info@umigwolbrom.pl;
usc@gminawolin.pl;
usc@wolsztyn;
info@wolczyn.pl;
um@wolomin.org;
sekretariat@wolow.pl;
usc@wozniki.pl;
usc@wreczyca-wielka.pl;
usc@um.wroc.pl;
usc@wronki.pl;
usc@wroblew.pl;
wrzesnia@wrzesnia.pl;
wschowa@wschowa.pl;
usc@wschowa.pl;
sekretariat@ug-wydminy.pl;
sekretarz@wymiarki.pl;
usc@wyry.pl;
sekretariat@wyryki.eu;
urzad@wyrzysk.pl;
office@gminawysoka.pl;
ug@wysokie.lbl.pl;
usc@wysokiemazowieckie.pl;
ug_wyszki@post.pl;
gmina@wyszkow.pl;
ugim@wyszogrod.pl;
umwysmierzyce@wysmierzyce.pl;
zabierzow@zabierzow.org.pl;
usc@zabludow.pl;
ugzabor@gminazabor.pl;
urzad@zabrodzie.pl;
sekretariat_usc@um.zabrze.pl;
ug_zadzim@wp.pl;
sekretariat@zagnansk.pl;
umg@zagorow.pl;
urzad@zagorz.pl;
zakliczyn@zakliczyn.pl;
kierownik.usc@zaklikow.pl;
office@zakopane.eu;
urzad@zakroczym.pl;
zakrzew@lubelskie.pl;
usc@zakrzew.pl;
ugzakrzewoalex@pro.onet.pl;
ug_zakrzewo@pro.onet.pl;
wojt.zakrzowek.lkr@gminypolskie.pl;
usc@zalesie.pl;
usc@zaleszany.pl;
usc@zalewo.pl;
ugzaluski@bip.org.pl;
um@zambrow.pl;
usc@zamosc.um.gov.pl;
sekretariat@zaniemysl.pl;
urzad@zapolice.pl;
ugzar@post.pl;
usc@zarszyn.pl;
ugusc1@zarzecze.itl.pl;
gmina@zator.pl;
ug@zatory.pl;
usc@gminazawady.pl;
ug@gminapopow.pl;
sekretariat@zawadzkie.pl;
urzad@zawichost.pl;
usc@zawidow.eu;
usc.zawidz@wp.pl;
usc@zawiercie.eu;
sekretariat@zawoja.ug.pl;
usc@zabki.pl;
usc@zabkowiceslaskie.pl;
urzad@zbaszynek.pl;
usc@zbaszyn.pl;
gmina@zbiczno.pl;
gmina@zblewo.pl;
ugzbojna@lo.home.pl;
usc@zbojno.pl;
usc@zbroslawice.pl;
ug@zbuczyn.pl;
zduny@zduny.pl;
usc@gminazduny.pl;
urzad_miasta@zdunskawola.pl;
um@zdzieszowice.pl;
ug@zebrzydowice.pl;
usc@zelow.pl;
gmina@zembrzyce.pl;
ug@zebowice.pl;
usc@umz.zgierz.pl;
e-urzad@umz.zgierz.pl;
usc@zgorzelec.com;
usc@um.zielona-gora.pl;
usc@zielonka.pl;
zielonki@ug.pl;
usc-ziebice@ziebice.pl;
ug@zlawies.pl;
um.usc@zlocieniec.pl;
gmina@zloczew.pl;
usc@gminazlota.pl;
gminyzlotnikikuj@wp.pl;
usc@zlotoryja.pl;
usc@zlotow.pl;
um@zlotystok.pl;
usc@zwierzyn.pl;
agrudzinski@zwierzyniec.info.pl;
um@zwierzyniec.info.pl;
usc@zwolen.pl;
urzad@zabiawola.pl;
umzabno@zabno.pl;
info@um.zagan.pl;
wsozagan@wp.pl;
poczta@umigzarki.pl;
ug@zarnowiec.pl;
sekretariat@zarnow.eu;
a.konikowska@um.zarow.pl;
usc@um.zary.pl;
gmina@zegocina.pl;
ug@zelazkow.pl;
gmina@zelechlinek.pl;
zelechow@interia.pl;
sekretariat@zerkow.pl;
urzad@zmigrod.com.pl;
urzad@zmudz.gmina.pl;
gmina@um.znin.pl;
urzad@zolynia.pl;
usc@um.zory.pl;
ugzolkiewka@zeto.lublin.pl;
sekretariat@zolkiewka.pl;
urzad@zorawina.pl;
usc@zukowo.pl;
zuragmina@wp.pl;
ugimz@go2.pl;
sekretariat@gminazychlin.pl;
gmina@zyrakow.pl;
usc@zyrardow.pl;
ugzyrzyn@post.pl;
usc@zytno.pl;
usc_zywiec@zywiec.pl;
